,Type,Higher Expected Value,Target,Undecided
0,Target is prize with certainty,0.40755467196819084,0.5924453280318092,0.0
1,Target is risky too,0.6626865671641791,0.3373134328358209,0.0
