,Condition,model_pred,low,mean,high,prob_mean
0,Target is prize with certainty,better_expected_value,0.36779324055666,0.40755467196819084,0.45134194831013913,0.6446011077497537
1,Target is prize with certainty,target,0.5486580516898609,0.5924453280318092,0.6322067594433399,0.6936774406658617
2,Target is risky too,better_expected_value,0.608955223880597,0.6626865671641791,0.7075373134328358,0.6383467910465147
3,Target is risky too,target,0.2924626865671643,0.3373134328358209,0.39104477611940297,0.6333444961981948
