,Type,Real-life Objects,Non-real Objects
0,Valid-Believable,0.9640718562874252,0.9096385542168675
1,Valid-Unbelievable,0.8220858895705522,1.0
2,Invalid-Believable,0.8963414634146342,0.7964071856287425
3,Invalid-Unbelievable,0.1864406779661017,0.5555555555555556
4,Undecided,0.019374068554396422,0.014903129657228018
