,is_valid,is_believable,low,mean,high,Option
0,False,False,0.13559322033898305,0.1864406779661017,0.24858757062146894,Real-life Objects
1,False,True,0.89171974522293,0.9363057324840764,0.9681528662420382,Real-life Objects
2,True,False,0.7607361963190185,0.8220858895705522,0.8774539877300612,Real-life Objects
3,True,True,1.0,1.0,1.0,Real-life Objects
0,False,False,0.47953216374269003,0.5555555555555556,0.631578947368421,Non-real Objects
1,False,True,0.7484662576687117,0.8159509202453987,0.8711656441717791,Non-real Objects
2,True,False,1.0,1.0,1.0,Non-real Objects
3,True,True,0.9,0.94375,0.975,Non-real Objects
